"Reference","Qty","Value","DNP","Exclude from BOM","Exclude from Board","Footprint","Datasheet"
"C1","1","10uf","","","","Capacitor_SMD:C_Elec_4x5.8","~"
"C2,C3","2","100nf","","","","Capacitor_SMD:C_0201_0603Metric_Pad0.64x0.40mm_HandSolder","~"
"C4","1","47uf","","","","Capacitor_SMD:CP_Elec_3x5.4","~"
"H1,H2","2","MountingHole_Pad","","Excluded from BOM","","MountingHole:MountingHole_2.2mm_M2_Pad","~"
"J1","1","IN_PUT","","","","TerminalBlock:TerminalBlock_bornier-2_P5.08mm","~"
"J2","1","Output","","","","TerminalBlock:TerminalBlock_bornier-2_P5.08mm","~"
"L1","1","8.2uH","","","","Inductor_SMD:L_Changjiang_FNR6045S","~"
"R1","1","30.9k","","","","Resistor_SMD:R_0603_1608Metric","~"
"R2,R3","2","100k","","","","Resistor_SMD:R_0603_1608Metric","~"
"R4","1","11.8k","","","","Resistor_SMD:R_0603_1608Metric","~"
"U1","1","LMR51450FNDRRR","","","","LMR51450:WSON_SDRRR_TEX","https://www.ti.com/lit/gpn/lmr51450"
